,sentiment,score,controversiality
sentiment,1.0,-0.0060567512718814505,-0.028362017012648497
score,-0.0060567512718814505,1.0,-0.012830736464084922
controversiality,-0.028362017012648497,-0.012830736464084922,1.0
