feature,importance
sentiment,0.9893792429710837
controversiality,0.010620757028916336
