subreddit,comments,avg_sentiment,opportunity
gonewild,24853,0.29868514465054524,3.022924841495816
Market76,24831,0.2460893117474125,2.490396376972481
aww,24903,0.21161615869573946,2.1421446044669383
relationship_advice,24982,0.1867919662156753,1.8914462732861017
nfl,24953,0.1639355949184467,1.659813375183644
leagueoflegends,24964,0.1604642244832559,1.6247371993912199
Showerthoughts,24916,0.15491378632204206,1.5682395975581926
gaming,24900,0.142997281124498,1.4475133213862157
dankmemes,24804,0.13915664005805514,1.4080982824398287
memes,24752,0.12642607870071104,1.279014959801369
