subreddit,comments,avg_sentiment,avg_controversiality,risk
news,24980,-0.08285453963170536,0.09839871897518014,0.10655149953621823
worldnews,24971,0.0037391053622201757,0.08601978294821994,0.08569814591654122
soccer,24953,0.10315433014066445,0.06945056706608424,0.06228644034249303
AmItheAsshole,24985,0.10485666199719831,0.05495297178306984,0.04919078659507091
nba,24948,0.055703527336860674,0.048500881834215165,0.04579921163710111
pics,24934,0.09543774765380605,0.05061361995668565,0.04578317006741384
videos,24960,0.09882308092948718,0.05064102564102564,0.045636523465750325
trashy,24951,-0.005466189731874474,0.04316460262113743,0.04340054852876553
SquaredCircle,24966,0.12163172714892254,0.04409997596731555,0.03873601972318498
hockey,24904,0.05951971972373916,0.04099743013170575,0.03855727458087305
