subreddit,comments,avg_sentiment
news,24980,-0.08285453963170536
freefolk,24958,-0.054661138713037905
asoiaf,24981,-0.046970773788078936
The_Donald,24933,-0.019402687201700557
trashy,24951,-0.005466189731874474
politics,24975,0.0007035515515515523
worldnews,24971,0.0037391053622201757
gameofthrones,24980,0.005329599679743793
ChapoTrapHouse,24927,0.006697372327195411
Pikabu,2451,0.014178702570379438
