subreddit,comments,avg_sentiment
gonewild,24853,0.29868514465054524
Market76,24831,0.2460893117474125
aww,24903,0.21161615869573946
relationship_advice,24982,0.1867919662156753
nfl,24953,0.1639355949184467
leagueoflegends,24964,0.1604642244832559
Showerthoughts,24916,0.15491378632204206
gaming,24900,0.142997281124498
dankmemes,24804,0.13915664005805514
memes,24752,0.12642607870071104
