topic,comments,avg_sentiment,avg_score
1,129836,0.07596800194091007,9.90792230198096
2,343962,0.05620578116187253,12.634267738878131
3,202722,0.1722728105484358,11.321726304989099
4,203619,0.023272504530520238,13.082688747120848
5,47454,0.18309020314409744,6.971256374594344
6,46834,0.16909701285390955,8.273327070077293
